,url,no_votes,no_views,creation_date
0,https://academia.stackexchange.com/questions/130607/failing-students-when-it-might-cause-them-economic-ruin,214,21512,2019-05-15
1,https://academia.stackexchange.com/questions/135907/my-research-paper-filed-as-a-patent-in-china-by-my-chinese-supervisor-without-me,163,25922,2019-09-09
2,https://academia.stackexchange.com/questions/131523/teaching-a-class-likely-meant-to-inflate-the-gpa-of-student-athletes,150,21610,2019-06-05
3,https://academia.stackexchange.com/questions/131968/is-declining-an-undergraduate-award-which-causes-me-discomfort-appropriate,142,19076,2019-06-16
4,https://academia.stackexchange.com/questions/135842/is-it-appropriate-for-a-professor-to-require-students-to-sign-a-non-disclosure-a,141,20742,2019-09-08
5,https://academia.stackexchange.com/questions/134002/should-i-intervene-when-a-colleague-in-a-different-department-makes-students-run,139,21710,2019-07-29
6,https://academia.stackexchange.com/questions/124689/whats-the-point-of-phd-theses-if-nobody-reads-them,124,40811,2019-02-10
7,https://academia.stackexchange.com/questions/125135/taking-an-academic-pseudonym,121,16569,2019-02-18
8,https://academia.stackexchange.com/questions/140986/is-publishing-runnable-code-instead-of-pseudo-code-shunned,121,17937,2019-12-03
9,https://academia.stackexchange.com/questions/123593/in-a-yes-no-question-student-gives-the-right-answer-and-a-unnecessary-but-wrong,111,36199,2019-01-23
10,https://academia.stackexchange.com/questions/122795/dressing-down-to-impress-in-academic-settings,109,26858,2019-01-09
11,https://academia.stackexchange.com/questions/128544/my-admission-is-revoked-after-accepting-the-admission-offer,104,16086,2019-04-23
12,https://academia.stackexchange.com/questions/122576/will-my-cancer-ruin-my-chances-of-going-to-graduate-school-in-math,102,16783,2019-01-05
13,https://academia.stackexchange.com/questions/124037/is-it-unethical-to-supply-a-marked-solution-to-a-student-who-has-shown-intent-to,102,20279,2019-01-30
14,https://academia.stackexchange.com/questions/125524/do-authors-have-to-be-politically-correct-in-article-writing,101,18007,2019-02-25
15,https://academia.stackexchange.com/questions/137447/a-famous-scholar-sent-me-an-unpublished-draft-of-hers-then-she-died-i-think-he,101,19473,2019-09-21
16,https://academia.stackexchange.com/questions/133206/professor-falsely-accusing-me-of-cheating-in-a-class-he-does-not-teach-two-mont,100,19657,2019-07-10
17,https://academia.stackexchange.com/questions/126353/is-having-access-to-past-exams-cheating-and-if-yes-could-it-be-proven-just-by,94,22401,2019-03-12
18,https://academia.stackexchange.com/questions/134991/what-to-say-to-a-student-who-has-failed,93,19293,2019-08-21
19,https://academia.stackexchange.com/questions/139654/i-have-stack-exchanged-through-my-undergrad-math-program-am-i-likely-to-succeed,91,16951,2019-11-06
20,https://academia.stackexchange.com/questions/127473/is-it-acceptable-for-a-professor-to-tell-male-students-to-not-think-that-they-ar,86,14207,2019-04-03
21,https://academia.stackexchange.com/questions/138189/first-author-doesnt-want-a-co-author-to-read-the-whole-paper,85,15031,2019-10-07
22,https://academia.stackexchange.com/questions/137708/is-there-any-problem-with-students-seeing-faculty-naked-in-university-gym,84,14761,2019-09-27
23,https://academia.stackexchange.com/questions/139941/are-results-that-are-derived-simply-by-using-more-computational-power-publishabl,84,11983,2019-11-13
24,https://academia.stackexchange.com/questions/140877/am-i-being-exploited-by-my-supervisor,82,14212,2019-11-30
25,https://academia.stackexchange.com/questions/125570/citing-paywalled-articles-accessed-via-illegal-web-sharing,81,12395,2019-02-26
26,https://academia.stackexchange.com/questions/132376/how-did-researchers-find-articles-before-the-internet-and-the-computer-era,81,14061,2019-06-24
27,https://academia.stackexchange.com/questions/125957/giving-a-career-talk-in-my-old-university-how-prominently-should-i-tell-student,80,25887,2019-03-05
28,https://academia.stackexchange.com/questions/138877/how-can-i-tell-if-i-have-simplified-my-talk-too-much,80,10911,2019-10-22
29,https://academia.stackexchange.com/questions/140196/i-noticed-an-error-in-a-graded-exam-during-office-hours-should-i-give-the-stude,78,19892,2019-11-18
30,https://academia.stackexchange.com/questions/124255/is-it-appropriate-to-request-that-the-department-hire-a-female-faculty-member,77,27516,2019-02-02
31,https://academia.stackexchange.com/questions/132687/should-i-cheat-if-the-majority-does-it,76,20600,2019-07-01
32,https://academia.stackexchange.com/questions/125149/found-a-major-flaw-in-paper-from-home-university-to-which-i-would-like-to-retu,73,15219,2019-02-18
33,https://academia.stackexchange.com/questions/127175/was-a-professor-correct-to-chastise-me-for-writing-prof-x-rather-than-profes,72,16834,2019-03-28
34,https://academia.stackexchange.com/questions/134006/rampant-sharing-of-authorship-among-colleagues-in-the-name-of-collaboration-i,73,10722,2019-07-29
35,https://academia.stackexchange.com/questions/135086/handling-disruptive-student-on-the-autism-spectrum,72,7753,2019-08-23
36,https://academia.stackexchange.com/questions/139862/the-lecturer-supposed-to-grade-my-presentation-fell-asleep-while-i-held-it-shou,71,20310,2019-11-11
37,https://academia.stackexchange.com/questions/124555/why-is-plagiarising-words-such-a-big-deal,70,18084,2019-02-07
38,https://academia.stackexchange.com/questions/129814/when-and-why-did-journal-article-titles-become-descriptive-rather-than-creative,70,10544,2019-04-28
39,https://academia.stackexchange.com/questions/130454/is-there-any-good-reason-to-write-it-is-easy-to-see,70,11247,2019-05-12
40,https://academia.stackexchange.com/questions/140951/how-to-educate-bachelor-and-master-exchange-students-from-asia,70,10659,2019-12-02
41,https://academia.stackexchange.com/questions/141199/i-wasted-six-years-of-my-life-getting-a-phd-degree-what-should-i-do-and-how-wi,70,25206,2019-12-07
42,https://academia.stackexchange.com/questions/141136/what-should-be-done-when-the-theory-behind-a-phd-thesis-turns-out-to-be-wrong,69,12582,2019-12-06
43,https://academia.stackexchange.com/questions/124804/etiquette-question-is-there-such-a-thing-as-accepting-an-offer-too-early,67,18734,2019-02-11
44,https://academia.stackexchange.com/questions/130558/i-recently-started-my-machine-learning-phd-and-i-have-absolutely-no-idea-what-i,66,19577,2019-05-14
45,https://academia.stackexchange.com/questions/133068/graduate-student-with-abysmal-english-writing-skills-how-to-help,66,13072,2019-07-08
46,https://academia.stackexchange.com/questions/141363/students-using-the-same-flawed-online-solution-sheet-as-the-grading-ta,66,13820,2019-12-10
47,https://academia.stackexchange.com/questions/123994/am-i-conveying-disrespect-if-i-omit-my-gender-pronoun-from-a-conference-nametag,65,25563,2019-01-29
48,https://academia.stackexchange.com/questions/124084/why-do-so-many-phds-choose-to-join-academia-instead-of-industry-given-the-pay-in,65,21289,2019-01-31
49,https://academia.stackexchange.com/questions/128568/what-to-do-with-someone-that-cheated-their-way-through-university-and-a-phd-prog,65,22432,2019-04-23
50,https://academia.stackexchange.com/questions/124739/an-undergraduate-said-they-may-hire-a-freelancer-to-do-their-work-for-them-what,64,26368,2019-02-11
51,https://academia.stackexchange.com/questions/124807/has-a-journal-ever-switched-between-being-a-predatory-journal-and-a-reputable-on,64,6961,2019-02-11
52,https://academia.stackexchange.com/questions/135211/why-is-getting-a-phd-considered-financially-irresponsible-by-some-people,64,20702,2019-08-25
53,https://academia.stackexchange.com/questions/122392/i-got-accepted-into-a-math-phd-program-but-i-dont-feel-adequate-enough-to-atten,63,17070,2019-01-02
54,https://academia.stackexchange.com/questions/124407/our-research-is-being-ignored-by-other-research-groups,63,12759,2019-02-05
55,https://academia.stackexchange.com/questions/126113/professor-expects-me-to-attend-a-conference-i-cant-afford-to-go-even-with-50,63,23050,2019-03-07
56,https://academia.stackexchange.com/questions/127430/is-it-inappropriate-for-a-student-to-attend-their-mentors-dissertation-defense,63,15085,2019-04-03
57,https://academia.stackexchange.com/questions/130583/why-do-academics-prefer-mac-linux,63,19098,2019-05-15
58,https://academia.stackexchange.com/questions/131683/a-life-of-phd-is-it-feasible,63,20440,2019-06-09
59,https://academia.stackexchange.com/questions/135326/journal-published-a-paper-ignoring-my-objections-as-a-referee,63,11450,2019-08-28
60,https://academia.stackexchange.com/questions/126440/professor-being-mistaken-for-a-grad-student,62,17738,2019-03-14
61,https://academia.stackexchange.com/questions/127618/accidentally-leaked-the-solution-to-an-assignment-what-to-do-now-im-the-prof,62,15433,2019-04-05
62,https://academia.stackexchange.com/questions/138163/why-do-computer-science-degrees-contain-a-high-proportion-of-mathematics,62,20754,2019-10-07
63,https://academia.stackexchange.com/questions/122665/im-afraid-of-chemicals-how-do-i-handle-my-required-uni-biology-class,61,23986,2019-01-07
64,https://academia.stackexchange.com/questions/133607/is-it-ethical-to-tell-my-teaching-assistant-that-i-like-him,61,21693,2019-07-20
65,https://academia.stackexchange.com/questions/138490/how-to-proceed-when-the-baseline-state-of-the-art-published-results-claim-much,60,11624,2019-10-14
66,https://academia.stackexchange.com/questions/126740/mimic-lecturing-on-blackboard-facing-audience,59,9465,2019-03-20
67,https://academia.stackexchange.com/questions/127433/how-do-i-gain-back-my-faith-in-my-phd-degree,59,14069,2019-04-03
68,https://academia.stackexchange.com/questions/129624/as-an-international-instructor-should-i-openly-talk-about-my-accent,59,10612,2019-04-24
69,https://academia.stackexchange.com/questions/130443/how-can-a-layman-easily-get-the-consensus-view-of-what-academia-thinks-about-a,59,5809,2019-05-12
70,https://academia.stackexchange.com/questions/124654/how-to-by-pass-bioethics-for-a-trivial-bio-experiment,58,11552,2019-02-09
71,https://academia.stackexchange.com/questions/133769/what-do-i-do-when-a-student-working-in-my-lab-ghosts-me,58,17868,2019-07-24
72,https://academia.stackexchange.com/questions/135646/professor-refuses-to-write-a-recommendation-letter-to-students-who-havent-writt,58,20425,2019-09-03
73,https://academia.stackexchange.com/questions/127973/how-to-politely-respond-to-generic-emails-requesting-a-phd-job-in-my-lab-withou,57,9159,2019-04-12
74,https://academia.stackexchange.com/questions/133841/does-academia-have-a-lazy-work-culture,57,14212,2019-07-26
75,https://academia.stackexchange.com/questions/135565/how-can-i-oppose-my-advisor-granting-gift-authorship-to-a-collaborator,57,10060,2019-09-02
76,https://academia.stackexchange.com/questions/140916/how-can-a-software-developer-best-volunteer-to-help-childhood-cancer-research,57,6318,2019-12-01
77,https://academia.stackexchange.com/questions/124616/is-it-ok-to-update-code-on-repository-after-publication,56,4322,2019-02-08
78,https://academia.stackexchange.com/questions/128037/how-to-deal-with-my-phd-supervisors-rudely-critiquing-all-my-draft-papers,56,15743,2019-04-13
79,https://academia.stackexchange.com/questions/135096/i-dont-have-the-theoretical-background-in-my-phd-topic-i-cant-justify-getting,56,9903,2019-08-23
80,https://academia.stackexchange.com/questions/139096/i-feel-ive-done-enough-for-a-phd-but-my-supervisor-disagrees,56,14954,2019-10-26
81,https://academia.stackexchange.com/questions/123768/how-can-you-teach-a-subject-effectively-for-which-you-are-a-skeptic-without-bi,56,10684,2019-01-25
82,https://academia.stackexchange.com/questions/129697/do-i-have-an-anti-research-personality,56,8697,2019-04-26
83,https://academia.stackexchange.com/questions/123370/are-authors-of-papers-okay-with-receiving-questions-from-people-in-industry,54,7749,2019-01-19
84,https://academia.stackexchange.com/questions/128264/is-it-fair-for-a-professor-to-grade-us-on-the-possession-of-past-papers,54,12643,2019-04-16
85,https://academia.stackexchange.com/questions/139194/is-it-possible-to-save-a-science-phd-in-10-months,54,18092,2019-10-29
86,https://academia.stackexchange.com/questions/122609/how-should-i-respond-to-a-reviewers-complaint-about-self-citation,52,10461,2019-01-06
87,https://academia.stackexchange.com/questions/124325/i-left-college-in-the-last-semester-did-not-finish-but-the-college-transferr,52,15078,2019-02-03
88,https://academia.stackexchange.com/questions/126403/how-to-deal-with-a-cynical-class,52,11598,2019-03-13
89,https://academia.stackexchange.com/questions/126720/should-i-warn-new-prospective-phd-student-that-supervisor-is-terrible,52,12973,2019-03-19
90,https://academia.stackexchange.com/questions/130516/given-0s-on-assignments-with-suspected-and-dismissed-cheating,52,13246,2019-05-13
91,https://academia.stackexchange.com/questions/131249/phd-student-with-mental-health-issues-and-bad-performance,52,14031,2019-05-29
92,https://academia.stackexchange.com/questions/134815/can-i-submit-a-paper-under-an-alias-so-as-to-avoid-trouble-in-my-country,52,12492,2019-08-17
93,https://academia.stackexchange.com/questions/141542/is-it-appropriate-to-rewrite-and-republish-another-authors-useful-but-very-badl,52,8255,2019-12-13
94,https://academia.stackexchange.com/questions/125967/plagiarism-of-code-by-other-phd-student,51,14302,2019-03-05
95,https://academia.stackexchange.com/questions/126826/the-it-department-bottlenecks-progress-how-should-i-handle-this,51,12618,2019-03-21
96,https://academia.stackexchange.com/questions/130913/i-know-that-there-is-a-preselected-candidate-for-a-position-to-be-filled-at-my-d,51,12819,2019-05-21
97,https://academia.stackexchange.com/questions/131387/should-i-give-professor-gift-at-the-beginning-of-my-phd,51,16003,2019-06-03
98,https://academia.stackexchange.com/questions/133177/during-copyediting-journal-disagrees-about-spelling-of-papers-main-topic,51,7627,2019-07-10
99,https://academia.stackexchange.com/questions/133502/how-should-i-interpret-a-promising-preprint-that-was-never-published-in-a-peer-r,51,3843,2019-07-18
100,https://academia.stackexchange.com/questions/141158/how-do-professors-and-lecturers-learn-to-teach,51,7101,2019-12-06
101,https://academia.stackexchange.com/questions/130294/renting-a-house-to-a-graduate-student-in-my-department,50,9476,2019-05-08
102,https://academia.stackexchange.com/questions/132424/just-graduated-with-a-master-s-degree-but-i-internalised-nothing,50,16747,2019-06-25
103,https://academia.stackexchange.com/questions/128144/whats-the-purpose-of-writing-ones-academic-biography-in-the-third-person,49,7202,2019-04-15
104,https://academia.stackexchange.com/questions/122343/is-it-unreasonable-to-expect-students-to-read-the-lecture-notes-before-attending,48,17197,2019-01-01
105,https://academia.stackexchange.com/questions/122702/how-do-i-ensure-that-a-search-committee-wont-contact-my-current-colleagues-tha,48,11943,2019-01-07
106,https://academia.stackexchange.com/questions/124842/how-can-i-overcome-academic-researchers-block,48,4384,2019-02-12
107,https://academia.stackexchange.com/questions/123891/can-my-university-revoke-my-degree-after-it-was-granted-due-to-corporate-data,47,19800,2019-01-27
108,https://academia.stackexchange.com/questions/125742/what-to-do-when-being-responsible-for-data-protection-in-your-lab-yet-advice-is,47,10513,2019-03-01
109,https://academia.stackexchange.com/questions/128552/is-it-acceptable-to-use-working-hours-to-read-general-interest-books,47,14911,2019-04-23
110,https://academia.stackexchange.com/questions/130839/toxic-harassing-lab-environment,47,2658,2019-05-19
111,https://academia.stackexchange.com/questions/132725/phd-when-to-quit-and-move-on,47,16934,2019-07-01
112,https://academia.stackexchange.com/questions/137137/exam-design-give-maximum-score-per-question-or-not,47,11572,2019-09-14
113,https://academia.stackexchange.com/questions/123793/cheating-among-the-international-students-very-common-in-college-what-should-i,46,5028,2019-01-25
114,https://academia.stackexchange.com/questions/130981/how-to-respond-to-an-upset-student,46,9773,2019-05-23
115,https://academia.stackexchange.com/questions/135919/why-did-it-become-so-much-more-expensive-to-start-a-university,46,13058,2019-09-10
116,https://academia.stackexchange.com/questions/139506/ms-in-mathematics-having-trouble-finding-work-outside-teaching-algebra,46,13202,2019-11-04
117,https://academia.stackexchange.com/questions/141619/being-overqualified-as-a-barrier-for-getting-a-job,46,14217,2019-12-15
118,https://academia.stackexchange.com/questions/123448/is-it-appropriate-to-cite-a-paper-in-a-language-i-dont-understand,45,8109,2019-01-20
119,https://academia.stackexchange.com/questions/124299/about-to-write-my-phd-thesis-and-i-dont-know-the-basics-and-fundamentals-i-am,45,19443,2019-02-03
120,https://academia.stackexchange.com/questions/124492/when-to-give-up-seeking-justice-after-youve-been-plagiarized,45,9538,2019-02-06
121,https://academia.stackexchange.com/questions/125718/strange-sign-on-lab-door,45,10632,2019-02-28
122,https://academia.stackexchange.com/questions/126474/how-to-explain-that-i-do-not-want-to-visit-a-country-due-to-personal-safety-conc,45,10824,2019-03-14
123,https://academia.stackexchange.com/questions/130170/gift-for-mentor-after-his-thesis-defense,45,11086,2019-05-06
124,https://academia.stackexchange.com/questions/137554/should-i-be-an-author-on-another-phd-students-paper-if-i-went-to-their-meetings,45,12713,2019-09-24
125,https://academia.stackexchange.com/questions/141039/how-can-i-convince-my-department-that-i-have-the-academic-freedom-to-select-text,45,10018,2019-12-04
126,https://academia.stackexchange.com/questions/127171/inappropriate-reference-requests-from-journal-reviewers,44,6687,2019-03-28
127,https://academia.stackexchange.com/questions/128582/retract-an-already-submitted-recommendation-letter-written-for-an-undergrad-stu,44,13623,2019-04-23
128,https://academia.stackexchange.com/questions/131218/can-i-ask-a-publisher-for-a-paper-that-i-need-for-reviewing,44,4252,2019-05-29
129,https://academia.stackexchange.com/questions/137596/what-does-a-textbook-look-like-while-you-are-writing-it,44,7797,2019-09-25
130,https://academia.stackexchange.com/questions/138881/should-i-correct-a-mistake-on-an-arxiv-manuscript-that-i-found-while-refereeing,44,5712,2019-10-22
131,https://academia.stackexchange.com/questions/141438/declining-a-paper-review-after-accepting-it-and-seeing-the-manuscript,44,7102,2019-12-12
132,https://academia.stackexchange.com/questions/128337/is-there-hard-evidence-that-the-grant-peer-review-system-performs-significantly,43,5451,2019-04-18
133,https://academia.stackexchange.com/questions/134061/should-students-have-access-to-past-exams-or-an-exam-bank,43,14619,2019-07-30
134,https://academia.stackexchange.com/questions/137305/writing-a-letter-of-recommendation-for-a-mediocre-student,43,13461,2019-09-18
135,https://academia.stackexchange.com/questions/140438/my-professor-changed-a-take-home-test-to-an-in-class-test-with-no-notice-can-i,43,9638,2019-11-22
136,https://academia.stackexchange.com/questions/134121/how-to-structure-presentation-to-avoid-getting-questions-that-will-be-answered-l,42,6327,2019-08-01
137,https://academia.stackexchange.com/questions/135387/should-a-ta-point-out-a-professors-mistake-while-attending-their-lecture,42,12032,2019-08-29
138,https://academia.stackexchange.com/questions/137781/is-having-your-hand-in-your-pocket-during-a-presentation-bad,42,11165,2019-09-28
139,https://academia.stackexchange.com/questions/126769/review-your-own-paper-in-mathematics,41,6223,2019-03-20
140,https://academia.stackexchange.com/questions/126930/a-social-experiment-what-is-the-worst-that-can-happen,41,11461,2019-03-22
141,https://academia.stackexchange.com/questions/127246/is-there-a-way-to-save-my-career-from-absolute-disaster,41,14279,2019-03-29
142,https://academia.stackexchange.com/questions/132118/why-do-textbooks-often-include-the-solutions-to-odd-or-even-numbered-problems-bu,41,11548,2019-06-18
143,https://academia.stackexchange.com/questions/133373/why-do-so-many-pure-math-phd-students-in-the-usa-drop-out-or-leave-academia-com,41,15154,2019-07-15
144,https://academia.stackexchange.com/questions/134411/double-blind-peer-review-when-paper-cites-authors-github-repo-for-code,41,6966,2019-08-08
145,https://academia.stackexchange.com/questions/134561/phd-advisor-lost-funding-need-advice,41,10737,2019-08-11
146,https://academia.stackexchange.com/questions/134634/how-can-i-find-an-old-paper-when-the-usual-methods-fail,41,6430,2019-08-13
147,https://academia.stackexchange.com/questions/135433/professor-behaving-oddly-but-i-dont-want-to-persecute-him,41,7407,2019-08-30
148,https://academia.stackexchange.com/questions/126547/i-got-the-following-comment-from-a-reputed-math-journal-what-does-it-mean,40,11941,2019-03-16
149,https://academia.stackexchange.com/questions/130944/how-can-i-tell-if-im-being-too-picky-as-a-referee,40,6940,2019-05-22
150,https://academia.stackexchange.com/questions/131736/are-athletes-college-degrees-discounted-by-employers-and-graduate-school-admiss,40,9906,2019-06-11
151,https://academia.stackexchange.com/questions/133336/doing-research-in-academia-and-not-liking-competition,40,7554,2019-07-13
152,https://academia.stackexchange.com/questions/133842/how-to-judge-a-ph-d-applicant-that-arrives-out-of-thin-air,40,13732,2019-07-26
153,https://academia.stackexchange.com/questions/134555/how-do-some-phd-students-get-10-papers-is-that-what-i-need-for-landing-good-fa,40,14030,2019-08-11
154,https://academia.stackexchange.com/questions/138515/can-a-company-prevent-a-co-author-of-a-paper-from-putting-his-name-on-it,40,8469,2019-10-14
155,https://academia.stackexchange.com/questions/139358/i-have-been-accused-of-copying-two-lab-reports-from-the-previous-year-even-thoug,40,9884,2019-11-01
156,https://academia.stackexchange.com/questions/139434/is-it-acceptable-to-mark-off-or-comment-on-someones-presentation-based-on-their,40,12305,2019-11-02
157,https://academia.stackexchange.com/questions/141647/what-is-a-brown-bag-seminar,40,12326,2019-12-16
158,https://academia.stackexchange.com/questions/141790/what-sort-of-professional-boundary-should-i-set-with-other-students-when-i-am-a,40,9016,2019-12-18
159,https://academia.stackexchange.com/questions/122461/reviewer-signs-name-on-review-should-the-editor-censor,39,6544,2019-01-03
160,https://academia.stackexchange.com/questions/123244/what-can-i-do-with-like-new-recent-edition-textbooks-that-im-not-allowed-to-se,39,12813,2019-01-16
161,https://academia.stackexchange.com/questions/127116/how-to-write-papers-efficiently-when-english-isnt-my-first-language,39,5325,2019-03-27
162,https://academia.stackexchange.com/questions/133491/i-have-found-a-mistake-on-someones-code-published-online-what-is-the-protocol,39,9788,2019-07-18
163,https://academia.stackexchange.com/questions/134338/will-a-paper-be-retracted-if-a-flaw-in-released-software-code-invalidates-its-ce,39,11094,2019-08-06
164,https://academia.stackexchange.com/questions/135261/is-it-unusual-for-a-math-department-not-to-have-a-mail-web-server,39,10850,2019-08-26
165,https://academia.stackexchange.com/questions/137958/how-to-respond-when-insulted-by-a-grad-student-in-a-different-department,39,9890,2019-10-03
166,https://academia.stackexchange.com/questions/138021/how-should-i-tell-a-professor-the-answer-to-something-he-doesnt-know,39,10869,2019-10-04
167,https://academia.stackexchange.com/questions/140418/my-advisor-wants-me-to-make-my-phd-thesis-weaker,39,12466,2019-11-21
168,https://academia.stackexchange.com/questions/122840/without-accessing-the-code-how-can-a-reviewer-confirm-if-the-simulation-results,38,7882,2019-01-09
169,https://academia.stackexchange.com/questions/123303/my-significant-other-is-a-member-of-a-research-project-that-i-coordinate-how-to,38,6476,2019-01-17
170,https://academia.stackexchange.com/questions/131596/should-i-refuse-to-be-named-as-co-author-of-a-low-quality-paper,38,9001,2019-06-07
171,https://academia.stackexchange.com/questions/132549/why-are-examinees-often-not-allowed-to-leave-during-the-start-and-end-of-an-exam,38,10854,2019-06-28
172,https://academia.stackexchange.com/questions/132890/as-a-supervisor-what-feedback-would-you-expect-from-a-phd-who-quits,38,6301,2019-07-04
173,https://academia.stackexchange.com/questions/133809/what-to-do-when-you-reach-a-conclusion-and-find-out-later-on-that-someone-else-a,38,5401,2019-07-25
174,https://academia.stackexchange.com/questions/134905/how-to-know-if-i-have-a-passion,38,9963,2019-08-19
175,https://academia.stackexchange.com/questions/138243/encountering-former-abusive-advisor-at-a-conference,38,8937,2019-10-08
176,https://academia.stackexchange.com/questions/138528/can-someone-interview-their-sibling,38,8918,2019-10-15
177,https://academia.stackexchange.com/questions/141915/why-is-brill-selling-chapters-of-my-book-for-30,38,5441,2019-12-22
178,https://academia.stackexchange.com/questions/125155/i-hate-taking-lectures-can-i-still-survive-in-academia,37,15692,2019-02-18
179,https://academia.stackexchange.com/questions/128048/is-above-average-number-of-years-spent-on-phd-considered-a-red-flag-in-future-ac,37,9019,2019-04-13
180,https://academia.stackexchange.com/questions/132996/what-happens-to-unproductive-professors,37,14708,2019-07-07
181,https://academia.stackexchange.com/questions/134684/what-should-i-do-if-actually-i-found-a-serious-flaw-in-someones-phd-thesis-and,37,12678,2019-08-14
182,https://academia.stackexchange.com/questions/135838/i-changed-a-word-from-a-source-how-do-i-cite-it-correctly,37,5782,2019-09-08
183,https://academia.stackexchange.com/questions/137340/what-do-you-do-if-you-have-developments-on-your-paper-during-the-long-peer-revie,37,4328,2019-09-18
184,https://academia.stackexchange.com/questions/127214/should-i-tutor-a-student-who-i-know-has-cheated-on-their-homework,36,10012,2019-03-28
185,https://academia.stackexchange.com/questions/129837/i-caught-several-of-my-students-plagiarizing-could-it-be-my-fault-as-a-teacher,36,12124,2019-04-29
186,https://academia.stackexchange.com/questions/132751/how-serious-is-plagiarism-in-a-master-s-thesis,36,10868,2019-07-02
187,https://academia.stackexchange.com/questions/134282/is-there-a-way-to-improve-my-grade-after-graduation,36,9114,2019-08-05
188,https://academia.stackexchange.com/questions/135946/should-i-leave-the-first-authorship-of-our-paper-to-the-student-who-did-the-proj,36,9391,2019-09-10
189,https://academia.stackexchange.com/questions/140620/is-there-any-benefit-of-being-treated-as-professor-by-students-and-admin,36,10107,2019-11-25
190,https://academia.stackexchange.com/questions/123112/is-listing-annexed-territory-listed-in-author-details-a-valid-reason-to-decline,35,11769,2019-01-14
191,https://academia.stackexchange.com/questions/126651/error-in-masters-thesis-i-do-not-know-what-to-do,35,11978,2019-03-18
192,https://academia.stackexchange.com/questions/134582/do-i-have-to-cite-common-cs-algorithms,35,15008,2019-08-12
193,https://academia.stackexchange.com/questions/134796/why-should-a-p-i-be-motivated-to-write-a-strong-lor-even-if-that-means-losing-a,35,11639,2019-08-17
194,https://academia.stackexchange.com/questions/137018/how-to-publish-superseding-results-without-creating-enemies,34,5937,2019-09-12
195,https://academia.stackexchange.com/questions/139733/how-to-manage-publications-on-a-local-computer,35,4238,2019-11-08
196,https://academia.stackexchange.com/questions/140163/my-phd-defense-is-next-week-and-i-am-having-negative-thoughts-about-my-work-and,35,12228,2019-11-17
197,https://academia.stackexchange.com/questions/123759/fellow-student-seems-to-be-chasing-rainbows-should-i-step-in,34,12721,2019-01-25
198,https://academia.stackexchange.com/questions/124177/is-combinatorial-novelty-without-insight-useful-who-cares-if-were-the-first-to,34,3398,2019-02-01
199,https://academia.stackexchange.com/questions/126431/my-adviser-wants-to-be-the-first-author,34,11406,2019-03-13
200,https://academia.stackexchange.com/questions/127953/accepted-by-european-university-rejected-by-all-american-ones-i-applied-to-pos,34,8063,2019-04-11
201,https://academia.stackexchange.com/questions/128205/is-it-ethical-to-give-a-final-exam-after-the-professor-has-quit-before-teaching,34,11857,2019-04-16
202,https://academia.stackexchange.com/questions/130087/how-to-preserve-a-rare-version-of-a-book-respecting-the-copyright-as-well,34,3813,2019-05-04
203,https://academia.stackexchange.com/questions/131866/my-student-in-one-course-asks-for-paid-tutoring-in-another-course-appropriate,34,8314,2019-06-14
204,https://academia.stackexchange.com/questions/135538/how-do-you-manage-to-study-and-have-a-balance-in-your-life-at-the-same-time,34,8223,2019-09-01
205,https://academia.stackexchange.com/questions/138391/is-success-due-to-hard-work-sustainable-in-academic-research,34,6179,2019-10-11
206,https://academia.stackexchange.com/questions/139141/what-would-an-inclusive-curriculum-look-like-in-a-computer-science-course,34,11347,2019-10-28
207,https://academia.stackexchange.com/questions/122944/why-is-research-at-highly-productive-research-institutions-better-than-those-at,33,9294,2019-01-11
208,https://academia.stackexchange.com/questions/132009/dates-on-degrees-don-t-make-sense-will-people-care,33,14396,2019-06-17
209,https://academia.stackexchange.com/questions/133023/is-a-request-to-book-a-business-flight-ticket-for-a-graduate-student-an-unreason,33,13150,2019-07-07
210,https://academia.stackexchange.com/questions/134440/is-ta-ing-worth-the-opportunity-cost,33,8320,2019-08-08
211,https://academia.stackexchange.com/questions/135560/is-it-safe-for-a-student-to-give-negative-feedback-in-student-evaluations,33,7582,2019-09-02
212,https://academia.stackexchange.com/questions/141911/shall-i-go-and-see-my-advisors-father-who-is-on-his-death-bed,33,7970,2019-12-22
213,https://academia.stackexchange.com/questions/127384/can-someone-clarify-hammings-notion-of-important-problems-in-relation-to-modern,32,4376,2019-04-02
214,https://academia.stackexchange.com/questions/127921/is-it-ethical-to-upload-an-automatically-generated-paper-to-a-non-peer-reviewed,32,7327,2019-04-11
215,https://academia.stackexchange.com/questions/130423/how-to-cope-with-regret-and-shame-about-not-fully-utilizing-opportunities-during,32,8586,2019-05-11
216,https://academia.stackexchange.com/questions/131572/why-are-mba-programs-closing-in-the-united-states,32,8506,2019-06-06
217,https://academia.stackexchange.com/questions/131576/how-can-ones-career-as-a-reviewer-be-ended,32,6460,2019-06-06
218,https://academia.stackexchange.com/questions/132057/do-i-have-any-obligations-to-my-phd-supervisors-requests-after-i-have-graduated,32,14009,2019-06-17
219,https://academia.stackexchange.com/questions/132230/should-i-include-salary-information-on-my-cv,32,9131,2019-06-21
220,https://academia.stackexchange.com/questions/132484/journal-standards-vs-personal-standards,32,5185,2019-06-26
221,https://academia.stackexchange.com/questions/134408/could-one-become-a-successful-researcher-by-writing-some-really-good-papers-whil,32,7854,2019-08-08
222,https://academia.stackexchange.com/questions/134792/have-made-several-mistakes-during-the-course-of-my-phd-cant-help-but-feel-rese,32,8173,2019-08-17
223,https://academia.stackexchange.com/questions/135218/can-i-get-a-phd-for-developing-educational-software,32,14451,2019-08-26
224,https://academia.stackexchange.com/questions/138573/how-do-journals-gain-and-lose-reputation,32,4279,2019-10-15
225,https://academia.stackexchange.com/questions/138813/reviewer-wants-me-to-do-massive-amount-of-work-the-result-would-be-a-different,32,10711,2019-10-20
226,https://academia.stackexchange.com/questions/138848/is-it-possible-to-have-a-healthy-work-life-balance-as-a-professor,32,11272,2019-10-21
227,https://academia.stackexchange.com/questions/139259/is-it-possible-to-be-admitted-to-cs-phd-programs-in-the-us-with-scholarship-at,32,8989,2019-10-30
228,https://academia.stackexchange.com/questions/140698/is-it-true-that-almost-everyone-who-starts-a-phd-and-sticks-around-long-enough-c,32,13022,2019-11-27
229,https://academia.stackexchange.com/questions/123170/is-it-ethical-to-present-a-second-paper-at-a-conference-when-the-first-paper-and,31,5911,2019-01-15
230,https://academia.stackexchange.com/questions/125282/is-it-common-to-refer-to-someone-as-prof-dr-lastname,31,8301,2019-02-20
231,https://academia.stackexchange.com/questions/125615/why-publish-a-research-paper-when-a-blog-post-or-a-lecture-slide-can-have-more-c,31,7849,2019-02-27
232,https://academia.stackexchange.com/questions/126997/should-my-phd-thesis-be-submitted-under-my-legal-name,31,11277,2019-03-25
233,https://academia.stackexchange.com/questions/129895/do-i-have-to-make-someone-coauthor-if-he-she-solves-a-problem-in-stackexchange,31,6796,2019-04-30
234,https://academia.stackexchange.com/questions/137916/how-to-not-lose-focus-after-each-disruption-in-flow,31,4183,2019-10-02
235,https://academia.stackexchange.com/questions/140521/journal-editor-made-bad-edits-to-my-accepted-paper-how-do-i-respond,31,7721,2019-11-23
236,https://academia.stackexchange.com/questions/141981/how-can-i-efficiently-check-the-originality-of-my-work,31,3819,2019-12-24
237,https://academia.stackexchange.com/questions/123293/is-it-normal-for-phd-students-to-do-much-non-research-work,30,7555,2019-01-17
238,https://academia.stackexchange.com/questions/123737/asking-my-professor-to-create-a-google-account-to-submit-a-letter-of-recommendat,30,8183,2019-01-25
239,https://academia.stackexchange.com/questions/124595/my-current-pi-is-telling-me-that-i-am-a-very-shy-person-and-he-is-really-pissed,30,7071,2019-02-08
240,https://academia.stackexchange.com/questions/126274/can-you-reject-a-postdoc-offer-after-the-pi-has-paid-a-large-sum-for-flights-acc,30,11728,2019-03-11
241,https://academia.stackexchange.com/questions/129999/should-i-simplify-my-writing-in-a-foreign-country,30,7896,2019-05-02
242,https://academia.stackexchange.com/questions/130959/is-it-rude-to-call-a-professor-by-their-last-name-with-no-prefix-in-a-non-academ,30,13536,2019-05-22
243,https://academia.stackexchange.com/questions/131233/pros-and-cons-of-writing-a-book-review,30,4115,2019-05-29
244,https://academia.stackexchange.com/questions/132121/why-do-some-professors-with-phds-leave-their-professorships-to-teach-high-school,30,17764,2019-06-19
245,https://academia.stackexchange.com/questions/137649/anonymous-reviewer-disclosed-his-identity-should-i-thank-him-by-name,30,6989,2019-09-26
246,https://academia.stackexchange.com/questions/138591/the-professor-for-one-of-my-classes-has-no-direction,30,14548,2019-10-16
247,https://academia.stackexchange.com/questions/139669/why-do-some-papers-have-10-20-co-authors,30,6737,2019-11-07
248,https://academia.stackexchange.com/questions/139727/can-a-professor-do-an-internship,30,6428,2019-11-08
249,https://academia.stackexchange.com/questions/141680/was-i-wrong-to-rebutt-unjustified-rewiewer-comments-in-the-review,30,9446,2019-12-16
250,https://academia.stackexchange.com/questions/124168/letter-of-support-for-promotion-to-full-professor-from-an-unusual-student,29,7925,2019-02-01
251,https://academia.stackexchange.com/questions/126605/should-i-be-concerned-about-student-access-to-a-test-bank,29,11020,2019-03-17
252,https://academia.stackexchange.com/questions/126760/quoting-keynes-in-a-lecture,29,8379,2019-03-20
253,https://academia.stackexchange.com/questions/127799/what-are-the-motivations-for-publishing-new-editions-of-an-existing-textbook-be,29,6732,2019-04-09
254,https://academia.stackexchange.com/questions/139466/a-professor-commented-that-my-research-is-too-simple-as-compared-to-my-colleague,29,13676,2019-11-03
255,https://academia.stackexchange.com/questions/139725/does-any-country-have-free-college-open-admissions,29,9365,2019-11-08
256,https://academia.stackexchange.com/questions/140216/is-it-acceptable-for-the-secretary-to-have-full-access-to-our-entire-outlook-age,29,11594,2019-11-18
257,https://academia.stackexchange.com/questions/140595/what-are-effective-ways-to-deal-with-burn-out-while-working-full-time-during-a-p,29,12092,2019-11-25
258,https://academia.stackexchange.com/questions/124908/how-to-indicate-obscurity-in-a-translated-quotation,28,4669,2019-02-13
259,https://academia.stackexchange.com/questions/131743/i-sent-an-angry-e-mail-to-my-interviewers-about-a-conflict-at-my-home-institutio,28,20225,2019-06-11
260,https://academia.stackexchange.com/questions/135929/i-asked-for-a-graduate-student-position-from-a-professor-he-replied-welcome,28,19781,2019-09-10
261,https://academia.stackexchange.com/questions/141059/is-it-academically-dishonest-to-submit-the-same-project-to-two-different-classes,28,10890,2019-12-04
262,https://academia.stackexchange.com/questions/125263/failing-phd-how-to-go-forward,27,10300,2019-02-20
263,https://academia.stackexchange.com/questions/127591/what-typically-incentivizes-a-professor-to-change-jobs-to-a-lower-ranking-univer,27,8624,2019-04-05
264,https://academia.stackexchange.com/questions/132355/why-transcripts-instead-of-degree-certificates,27,5864,2019-06-23
265,https://academia.stackexchange.com/questions/135725/supervisor-wants-me-to-support-a-diploma-thesis-software-tool-after-i-graduated,27,6251,2019-09-05
266,https://academia.stackexchange.com/questions/137152/who-are-the-people-reviewing-far-more-papers-than-theyre-submitting-for-review,27,9848,2019-09-15
267,https://academia.stackexchange.com/questions/138009/is-it-reasonable-to-ask-candidates-to-create-a-profile-on-google-scholar,27,6740,2019-10-03
268,https://academia.stackexchange.com/questions/123201/is-a-math-degree-really-useless-financially,27,19624,2019-01-16
269,https://academia.stackexchange.com/questions/124106/will-the-phd-degree-be-retracted-if-the-thesis-is-found-to-be-not-novel,26,8787,2019-01-31
270,https://academia.stackexchange.com/questions/125439/how-to-regain-lost-focus,26,2218,2019-02-23
271,https://academia.stackexchange.com/questions/126980/global-number-of-publications-over-time,26,2830,2019-03-24
272,https://academia.stackexchange.com/questions/127106/is-expanding-the-research-of-a-group-into-machine-learning-as-a-phd-student-risk,26,6674,2019-03-26
273,https://academia.stackexchange.com/questions/127933/what-do-i-do-when-my-ta-workload-is-more-than-expected,26,5165,2019-04-11
274,https://academia.stackexchange.com/questions/131096/i-think-i-may-have-violated-academic-integrity-last-year-what-should-i-do,26,13561,2019-05-25
275,https://academia.stackexchange.com/questions/131799/should-i-email-my-professor-to-clear-up-a-possibly-very-irrelevant-awkward-mis,26,12096,2019-06-12
276,https://academia.stackexchange.com/questions/132809/taking-my-ph-d-advisor-out-for-dinner-after-graduation,26,11495,2019-07-03
277,https://academia.stackexchange.com/questions/135378/necessity-of-tenure-for-lifetime-academic-research,26,3944,2019-08-29
278,https://academia.stackexchange.com/questions/135566/what-is-the-most-likely-cause-of-short-quick-and-useless-reviews,26,7635,2019-09-02
279,https://academia.stackexchange.com/questions/135671/how-to-cope-with-life-changes-and-burnout-after-phd-thesis-submission,26,2201,2019-09-04
280,https://academia.stackexchange.com/questions/139628/giving-a-talk-on-a-different-topic-than-what-we-discussed,26,4333,2019-11-06
281,https://academia.stackexchange.com/questions/140675/students-requesting-to-switch-partners-mid-term,26,9809,2019-11-26
282,https://academia.stackexchange.com/questions/141417/at-a-conference-should-i-visit-other-peoples-posters-during-my-poster-session,26,7400,2019-12-11
283,https://academia.stackexchange.com/questions/142018/for-interview-questions-about-innovative-or-engaging-teaching-is-it-ok-to-say-i,26,4742,2019-12-25
284,https://academia.stackexchange.com/questions/142020/is-it-appropriate-to-share-the-distribution-of-grades-for-a-small-class,26,4716,2019-12-25
285,https://academia.stackexchange.com/questions/123139/why-would-a-prospective-advisor-ask-if-im-meeting-other-advisors,25,4974,2019-01-15
286,https://academia.stackexchange.com/questions/124421/it-seems-my-advisor-doesnt-trust-me-but-why,25,7373,2019-02-05
287,https://academia.stackexchange.com/questions/125517/what-makes-papers-publishable-in-top-tier-journals,25,6310,2019-02-25
288,https://academia.stackexchange.com/questions/125697/advice-for-a-new-journal-editor,25,1827,2019-02-28
289,https://academia.stackexchange.com/questions/125839/when-does-coming-up-with-an-idea-constitute-sufficient-contribution-for-authorsh,25,1866,2019-03-02
290,https://academia.stackexchange.com/questions/128189/using-et-al-for-a-last-senior-author-rather-than-for-a-first-author,25,5962,2019-04-15
291,https://academia.stackexchange.com/questions/128439/how-to-ask-rejected-full-time-candidates-to-apply-to-teach-individual-courses,25,7314,2019-04-20
292,https://academia.stackexchange.com/questions/130160/i-want-to-write-a-blog-post-building-upon-someone-elses-paper-how-can-i-proper,25,3956,2019-05-06
293,https://academia.stackexchange.com/questions/130772/is-it-normal-to-extract-a-paper-from-a-master-thesis,25,6899,2019-05-19
294,https://academia.stackexchange.com/questions/132782/is-it-acceptable-that-i-plot-a-time-series-figure-with-years-increasing-from-rig,25,9003,2019-07-02
295,https://academia.stackexchange.com/questions/132964/publishing-papers-seem-natural-to-many-while-i-find-it-really-hard-to-think-nov,25,3847,2019-07-06
296,https://academia.stackexchange.com/questions/134243/what-license-to-choose-for-my-phd-thesis,25,6383,2019-08-04
297,https://academia.stackexchange.com/questions/138151/advisor-asked-for-my-entire-slide-presentation-so-she-could-give-the-presentatio,25,13314,2019-10-07
298,https://academia.stackexchange.com/questions/139197/is-it-worth-delving-deep-outside-my-field-to-revise-a-paper,25,5696,2019-10-29
299,https://academia.stackexchange.com/questions/123806/if-a-professor-says-he-will-not-fund-my-internship-as-it-will-be-my-first-visit,24,2698,2019-01-26
300,https://academia.stackexchange.com/questions/125040/is-it-appropriate-to-cite-a-piece-of-academic-work-when-the-author-has-been-char,24,3049,2019-02-15
301,https://academia.stackexchange.com/questions/126105/what-should-i-do-when-a-paper-is-published-similar-to-my-phd-thesis-without-cita,24,7574,2019-03-07
302,https://academia.stackexchange.com/questions/126659/are-hand-made-posters-acceptable-in-academia,24,7853,2019-03-18
303,https://academia.stackexchange.com/questions/127012/what-happened-to-the-piled-higher-and-deeper-comics,24,1588,2019-03-25
304,https://academia.stackexchange.com/questions/127607/how-old-can-references-or-sources-in-a-thesis-be,24,8893,2019-04-05
305,https://academia.stackexchange.com/questions/133089/how-are-mathematicians-paid-to-do-research,24,9363,2019-07-08
306,https://academia.stackexchange.com/questions/137435/is-it-acceptable-to-say-that-a-reviewers-concern-is-not-going-to-be-addressed-b,24,4856,2019-09-21
307,https://academia.stackexchange.com/questions/138470/response-to-referee-after-rejection,24,6911,2019-10-13
308,https://academia.stackexchange.com/questions/141722/is-it-ethical-to-apply-for-a-short-term-grant-with-a-partner-spouse-girlfriend,24,7058,2019-12-17
309,https://academia.stackexchange.com/questions/122339/is-it-moral-to-propose-work-thats-already-partly-done,23,2647,2019-01-01
310,https://academia.stackexchange.com/questions/122823/how-to-interpret-this-rejection-email-from-journal-of-american-math-society-any,23,15228,2019-01-09
311,https://academia.stackexchange.com/questions/124713/why-wont-good-journals-retract-papers-that-were-proven-wrong,23,7615,2019-02-10
312,https://academia.stackexchange.com/questions/126854/does-an-advisor-owe-his-her-student-anything-will-an-advisor-keep-a-phd-student,23,6921,2019-03-21
313,https://academia.stackexchange.com/questions/129995/my-advisor-talks-about-me-to-his-colleagues-in-their-native-language,23,6418,2019-05-02
314,https://academia.stackexchange.com/questions/132877/my-professor-has-told-me-he-will-be-the-corresponding-author-will-it-hurt-my-fu,23,7682,2019-07-04
315,https://academia.stackexchange.com/questions/135411/do-universities-maintain-secret-textbooks,23,11149,2019-08-29
316,https://academia.stackexchange.com/questions/135446/can-authors-email-you-for-free-pdfs-of-their-textbook-sold-for-profit,23,7739,2019-08-30
317,https://academia.stackexchange.com/questions/135595/how-to-deal-with-an-incompetent-collaborator,23,4435,2019-09-02
318,https://academia.stackexchange.com/questions/135964/when-did-publish-or-perish-first-become-a-thing,23,727,2019-09-10
319,https://academia.stackexchange.com/questions/137444/what-should-i-consider-when-deciding-whether-to-delay-an-exam,23,7025,2019-09-21
320,https://academia.stackexchange.com/questions/140227/balancing-empathy-and-deferring-to-the-syllabus-in-teaching-responsibilities,23,6245,2019-11-18
321,https://academia.stackexchange.com/questions/140310/contacted-by-head-of-school-regarding-an-issue-should-i-be-worried,23,11894,2019-11-19
322,https://academia.stackexchange.com/questions/140471/i-peer-reviewed-a-paper-and-found-it-to-be-sound-technically-and-language-wise,23,5291,2019-11-22
323,https://academia.stackexchange.com/questions/122985/which-academic-options-are-possible-for-a-tenured-faculty-that-do-not-involve-st,22,2505,2019-01-11
324,https://academia.stackexchange.com/questions/123015/why-do-citations-in-physics-journals-leave-out-the-article-title,22,528,2019-01-12
325,https://academia.stackexchange.com/questions/123502/why-dont-some-u-s-colleges-celebrate-american-national-holidays,22,9042,2019-01-21
326,https://academia.stackexchange.com/questions/125806/what-to-do-if-authors-dont-respond-to-my-serious-concerns-about-their-paper,22,2424,2019-03-02
327,https://academia.stackexchange.com/questions/128231/pre-tenure-strategies-to-spend-less-time-on-bureaucracy-and-more-on-research,22,592,2019-04-16
328,https://academia.stackexchange.com/questions/128282/for-a-new-assistant-professor-in-cs-how-to-build-manage-a-publication-pipeline,22,2749,2019-04-17
329,https://academia.stackexchange.com/questions/128487/why-doesnt-the-university-give-past-final-exams-answers,22,8996,2019-04-22
330,https://academia.stackexchange.com/questions/130824/how-to-teach-an-undergraduate-course-without-having-taken-that-course-formally-b,22,4343,2019-05-20
331,https://academia.stackexchange.com/questions/134938/co-author-responds-to-email-by-mistake-ccing-the-eic,22,7737,2019-08-20
332,https://academia.stackexchange.com/questions/138689/would-the-professor-leave-the-classroom-if-only-1-student-uses-their-cellphone-d,22,7088,2019-10-17
333,https://academia.stackexchange.com/questions/139913/how-to-react-to-unfair-reviewer-comments,23,6597,2019-11-12
334,https://academia.stackexchange.com/questions/122401/how-does-the-government-shutdown-in-the-united-states-affect-research-projects-a,21,5768,2019-01-02
335,https://academia.stackexchange.com/questions/127158/how-do-teaching-buy-outs-work,21,3124,2019-03-27
336,https://academia.stackexchange.com/questions/128469/pointing-to-problems-without-suggesting-solutions,21,3302,2019-04-21
337,https://academia.stackexchange.com/questions/129882/how-are-academic-relations-between-mainland-china-and-taiwan,21,274,2019-04-30
338,https://academia.stackexchange.com/questions/130109/can-a-good-but-unremarkable-phd-student-become-an-accomplished-professor,21,3530,2019-05-05
339,https://academia.stackexchange.com/questions/130203/identity-of-a-supposed-anonymous-referee-revealed-through-description-of-the-r,21,5861,2019-05-07
340,https://academia.stackexchange.com/questions/134130/academic-progression-in-germany-what-happens-after-a-postdoc-what-is-the-next,21,2910,2019-08-01
341,https://academia.stackexchange.com/questions/137488/is-it-ok-if-i-havent-decided-my-research-topic-when-i-first-meet-with-a-potenti,21,4928,2019-09-22
342,https://academia.stackexchange.com/questions/137880/does-journal-access-significantly-influence-choice-in-which-journal-to-publish-i,21,1666,2019-10-01
343,https://academia.stackexchange.com/questions/137959/my-name-was-added-to-manuscript-as-co-author-without-my-consent-how-to-get-it-r,21,3374,2019-10-03
344,https://academia.stackexchange.com/questions/138110/paper-status-accept-with-shepherd-what-does-it-really-mean,21,5755,2019-10-06
345,https://academia.stackexchange.com/questions/138979/should-i-take-a-positive-but-not-enthusiastically-strong-letter-of-recommenda,21,8956,2019-10-24
346,https://academia.stackexchange.com/questions/139895/what-to-do-when-the-professor-does-not-stand-up-to-cheating,21,8102,2019-11-12
347,https://academia.stackexchange.com/questions/122621/why-would-a-small-paper-10-pages-with-an-important-result-take-over-a-year-to,20,8190,2019-01-06
348,https://academia.stackexchange.com/questions/122742/my-master-s-thesis-results-will-be-published-without-my-consent-what-should-i,20,12230,2019-01-08
349,https://academia.stackexchange.com/questions/124696/can-one-really-lose-old-bad-grades-and-get-a-fresh-start,20,6721,2019-02-10
350,https://academia.stackexchange.com/questions/125867/can-i-retract-my-name-from-an-already-published-manuscript,20,3485,2019-03-03
351,https://academia.stackexchange.com/questions/130312/two-researchers-want-to-work-on-the-same-extension-to-my-paper-who-to-help,20,7326,2019-05-09
352,https://academia.stackexchange.com/questions/130549/do-people-who-work-at-research-institutes-consider-themselves-academics,20,4097,2019-05-14
353,https://academia.stackexchange.com/questions/130591/is-it-standard-for-us-based-universities-to-consider-the-ethnicity-of-an-applica,20,5442,2019-05-15
354,https://academia.stackexchange.com/questions/132084/what-can-i-do-with-a-research-project-that-is-my-university-s-intellectual-prope,20,3517,2019-06-18
355,https://academia.stackexchange.com/questions/133404/how-to-say-no-to-more-work-as-a-phd-student-so-i-can-graduate,20,8695,2019-07-16
356,https://academia.stackexchange.com/questions/133453/us-postdoc-in-japan-not-allowed-to-be-first-author-due-to-being-foreign-how-to,21,1211,2019-07-17
357,https://academia.stackexchange.com/questions/133785/what-do-teaching-faculty-do-during-semester-breaks,20,7122,2019-07-25
358,https://academia.stackexchange.com/questions/134524/should-i-ask-for-permission-to-write-an-expository-post-about-someone-elses-res,20,3708,2019-08-11
359,https://academia.stackexchange.com/questions/135301/commercial-company-wants-me-to-list-all-prior-inventions-give-up-everything-n,20,5284,2019-08-27
360,https://academia.stackexchange.com/questions/135337/why-is-the-grievance-studies-affair-considered-to-be-research-requiring-irb-appr,20,1800,2019-08-28
361,https://academia.stackexchange.com/questions/137874/my-department-is-splitting-should-i-be-on-one-side-or-get-a-joint-appointment,20,698,2019-10-01
362,https://academia.stackexchange.com/questions/137990/is-consistent-disregard-for-students-time-normal-in-undergraduate-research,20,7001,2019-10-03
363,https://academia.stackexchange.com/questions/138993/if-authors-leave-out-diacritics-should-i-correct-them-or-leave-it-as-written,20,4474,2019-10-24
364,https://academia.stackexchange.com/questions/140336/why-do-some-journal-proofs-insert-dozens-of-typesetting-mistakes,20,5494,2019-11-20
365,https://academia.stackexchange.com/questions/140919/miscited-in-a-bachelor-thesis,20,4924,2019-12-01
366,https://academia.stackexchange.com/questions/142182/will-taking-a-vacation-hurt-your-academic-career-recommendation-letter,20,5606,2019-12-30
367,https://academia.stackexchange.com/questions/123527/should-i-cite-myself-in-my-phd-proposal,19,4741,2019-01-21
368,https://academia.stackexchange.com/questions/123868/phd-admitted-with-ta-with-5h-a-week-is-it-standard,19,8827,2019-01-27
369,https://academia.stackexchange.com/questions/125605/how-to-assess-the-long-term-stability-of-a-college-as-part-of-a-job-search,19,1091,2019-02-26
370,https://academia.stackexchange.com/questions/126430/why-do-academics-tend-to-be-reluctant-to-ask-for-help-from-other-academics,19,1763,2019-03-13
371,https://academia.stackexchange.com/questions/127264/how-to-avoid-supervisors-with-prejudiced-views,19,6388,2019-03-29
372,https://academia.stackexchange.com/questions/131394/phd-well-known-professor-or-well-known-school,19,9317,2019-06-03
373,https://academia.stackexchange.com/questions/133396/is-it-ok-to-use-personal-email-id-for-faculty-job-applications-or-should-we-use,19,4826,2019-07-15
374,https://academia.stackexchange.com/questions/134762/can-i-use-images-from-my-published-papers-in-my-thesis-without-copyright-infring,19,2610,2019-08-16
375,https://academia.stackexchange.com/questions/141264/what-are-the-ethical-implications-of-lying-to-get-into-a-course,19,13379,2019-12-09
376,https://academia.stackexchange.com/questions/141439/how-do-successful-undergraduate-and-phd-students-differ,19,5401,2019-12-12
377,https://academia.stackexchange.com/questions/142087/job-offer-for-uk-reader,19,4091,2019-12-27
378,https://academia.stackexchange.com/questions/122491/postdoc-with-a-professor-retiring-soon,18,3373,2019-01-03
379,https://academia.stackexchange.com/questions/123488/emailing-a-professor-for-points-on-an-exam-when-you-want-a-recommendation-from-t,18,10607,2019-01-21
380,https://academia.stackexchange.com/questions/125204/negotiating-1-year-delay-to-my-assistant-professor-offer,18,3794,2019-02-19
381,https://academia.stackexchange.com/questions/126079/how-to-deal-with-sexual-harassment-by-a-senior-colleague-without-jeopardizing-my,18,904,2019-03-07
382,https://academia.stackexchange.com/questions/127820/manuscript-was-unsubmitted-because-the-manuscript-was-deposited-in-arxiv-prepr,18,3718,2019-04-09
383,https://academia.stackexchange.com/questions/129910/file-data-script-management-as-a-phd,19,686,2019-04-30
384,https://academia.stackexchange.com/questions/132988/found-and-corrected-a-mistake-on-someones-else-paper-praxis,18,5011,2019-07-07
385,https://academia.stackexchange.com/questions/134517/how-to-avoid-the-need-to-learn-more-before-conducting-research,18,2045,2019-08-10
386,https://academia.stackexchange.com/questions/135179/discussing-work-with-supervisor-in-an-invited-dinner-with-his-family,18,6423,2019-08-25
387,https://academia.stackexchange.com/questions/137359/a-high-quality-contribution-but-an-annoying-error-is-present-in-my-published-art,18,4940,2019-09-19
388,https://academia.stackexchange.com/questions/138212/would-preaching-in-a-church-be-advantageous-for-becoming-a-lecturer,18,2879,2019-10-08
389,https://academia.stackexchange.com/questions/138459/are-translation-journals-still-a-thing,18,3144,2019-10-13
390,https://academia.stackexchange.com/questions/141633/i-filled-the-crucial-gap-co-authors-did-the-rest-who-should-be-first-author,18,8519,2019-12-15
391,https://academia.stackexchange.com/questions/141868/quit-a-phd-for-another-phd,18,3744,2019-12-20
392,https://academia.stackexchange.com/questions/122486/how-to-force-a-journal-to-address-an-associate-editors-scientific-misconduct,17,4525,2019-01-03
393,https://academia.stackexchange.com/questions/123096/phd-in-machine-learning-in-my-life-im-37-graduating-with-ba-in-math-online-d,17,7294,2019-01-14
394,https://academia.stackexchange.com/questions/123430/is-it-ethical-to-put-a-surveillance-camera-inside-a-lab,17,693,2019-01-20
395,https://academia.stackexchange.com/questions/123513/what-is-the-etymology-of-assistant-professor,17,663,2019-01-21
396,https://academia.stackexchange.com/questions/123980/how-to-make-sense-of-a-2019-paper-published-in-2016-journal-issue,17,3774,2019-01-29
397,https://academia.stackexchange.com/questions/127299/is-it-convenient-to-ask-the-journals-editor-for-two-additional-days-to-complete,17,1636,2019-03-30
398,https://academia.stackexchange.com/questions/128494/can-i-take-recommendation-from-someone-i-met-at-a-conference,17,5118,2019-04-22
399,https://academia.stackexchange.com/questions/130027/what-is-a-common-way-to-tell-if-an-academic-is-above-average-or-outstanding-i,17,6476,2019-05-03
400,https://academia.stackexchange.com/questions/131532/what-is-required-of-a-mathematics-referee,17,1476,2019-06-06
401,https://academia.stackexchange.com/questions/132170/first-year-phd-giving-a-talk-among-well-established-researchers-in-the-field,17,6771,2019-06-20
402,https://academia.stackexchange.com/questions/132408/sharing-referee-ae-report-online-to-point-out-a-grievous-error-in-refereeing,17,4537,2019-06-25
403,https://academia.stackexchange.com/questions/134174/skipping-same-old-introductions,17,4963,2019-08-02
404,https://academia.stackexchange.com/questions/135748/putting-future-professor-position-on-cv,17,2863,2019-09-05
405,https://academia.stackexchange.com/questions/135865/how-do-academia-and-graduate-advisors-deal-with-the-fact-that-the-cost-of-living,17,1814,2019-09-09
406,https://academia.stackexchange.com/questions/137484/another-student-has-been-assigned-the-same-msc-thesis-as-mine-and-already-defen,17,5762,2019-09-22
407,https://academia.stackexchange.com/questions/137513/my-paper-is-posted-to-arxiv-how-do-i-get-it-endorsed,17,1797,2019-09-23
408,https://academia.stackexchange.com/questions/137585/phd-length-are-shorter-phd-degrees-from-different-countries-valued-differentl,17,4589,2019-09-25
409,https://academia.stackexchange.com/questions/138200/is-it-a-bad-idea-to-get-a-phd,17,6655,2019-10-08
410,https://academia.stackexchange.com/questions/138346/grade-changes-with-auto-grader,17,6187,2019-10-10
411,https://academia.stackexchange.com/questions/140095/ethics-is-it-ethical-for-a-professor-to-conduct-research-using-a-students-idea,17,6560,2019-11-15
412,https://academia.stackexchange.com/questions/140396/do-i-even-like-doing-research,17,6647,2019-11-21
413,https://academia.stackexchange.com/questions/141873/how-to-review-a-manuscript-where-the-software-is-difficult-to-install,17,3266,2019-12-20
414,https://academia.stackexchange.com/questions/142186/a-tenured-position-with-less-pay-and-less-responsibilities-than-a-professorship,17,4618,2019-12-30
415,https://academia.stackexchange.com/questions/123141/phd-dr-student-willing-to-finish-thesis-after-several-years-of-inactivity,16,711,2019-01-15
416,https://academia.stackexchange.com/questions/123347/using-initials-to-promote-gender-neutrality-when-publishing-as-a-female,16,714,2019-01-18
417,https://academia.stackexchange.com/questions/123443/question-about-the-authorship-of-mathematical-equation,16,3006,2019-01-20
418,https://academia.stackexchange.com/questions/123557/what-are-the-main-reasons-postdoc-applicants-get-rejected,16,4044,2019-01-22
419,https://academia.stackexchange.com/questions/124845/would-a-journal-paying-money-for-reviews-with-open-access-and-ad-based-revenue,16,5115,2019-02-12
420,https://academia.stackexchange.com/questions/125964/citing-contemporaneous-interlaced-preprints,16,1392,2019-03-05
421,https://academia.stackexchange.com/questions/126234/recommendation-letter-by-significant-other-if-you-worked-with-them-professionall,16,6135,2019-03-10
422,https://academia.stackexchange.com/questions/126331/can-someone-explain-what-is-being-said-here-in-color-publishing-in-the-american,16,4794,2019-03-12
423,https://academia.stackexchange.com/questions/126367/what-is-the-chance-of-making-a-successful-appeal-to-dismissal-decision-from-a-ph,16,2619,2019-03-12
424,https://academia.stackexchange.com/questions/127092/are-student-evaluations-of-teaching-assistants-read-by-others-in-the-faculty,16,3714,2019-03-26
425,https://academia.stackexchange.com/questions/127896/can-an-undergraduate-be-advised-by-a-professor-who-is-very-far-away,16,2770,2019-04-10
426,https://academia.stackexchange.com/questions/128033/universitys-motivation-for-having-tenure-track-positions,16,1610,2019-04-13
427,https://academia.stackexchange.com/questions/130273/thesis-future-work-section-is-it-acceptable-to-omit-personal-involvement-in,16,8354,2019-05-08
428,https://academia.stackexchange.com/questions/130779/caught-with-my-phone-during-an-exam,16,4997,2019-05-19
429,https://academia.stackexchange.com/questions/131040/i-unknowingly-submitted-plagiarised-work,16,9166,2019-05-24
430,https://academia.stackexchange.com/questions/132241/doing-a-phd-while-being-unable-to-travel-due-to-disability,16,1049,2019-06-21
431,https://academia.stackexchange.com/questions/132729/how-to-deal-with-administrative-duties-killing-the-research-spirit,16,3752,2019-07-01
432,https://academia.stackexchange.com/questions/133044/should-i-include-code-in-my-research-paper,16,4228,2019-07-08
433,https://academia.stackexchange.com/questions/133956/what-steps-would-an-amateur-scientist-have-to-take-in-order-to-get-a-scientific,16,5458,2019-07-29
434,https://academia.stackexchange.com/questions/134444/can-i-call-myself-an-assistant-professor-without-a-phd,16,8022,2019-08-08
435,https://academia.stackexchange.com/questions/134626/should-i-email-my-professor-about-a-recommendation-letter-if-he-has-offered-me-a,16,3741,2019-08-13
436,https://academia.stackexchange.com/questions/135047/how-to-find-out-the-average-duration-of-the-peer-review-process-for-a-given-jour,16,3157,2019-08-22
437,https://academia.stackexchange.com/questions/135436/is-it-plagarism-if-the-entire-paper-is-copied-but-each-sentence-is-quoted,16,2916,2019-08-30
438,https://academia.stackexchange.com/questions/135665/low-quality-postdoc-application-and-deadline-extension,16,3124,2019-09-04
439,https://academia.stackexchange.com/questions/135782/are-professors-obligated-to-accept-supervisory-role-if-not-how-does-it-work,16,1466,2019-09-07
440,https://academia.stackexchange.com/questions/137606/sending-mail-to-the-professor-for-phd-after-seeing-his-tweet,16,6588,2019-09-25
441,https://academia.stackexchange.com/questions/138547/does-the-gdpr-cover-reviewer-blacklists-and-if-so-how,16,256,2019-10-15
442,https://academia.stackexchange.com/questions/138732/is-it-bizarre-that-a-professor-asks-every-student-for-a-3-inch-by-5-inch-photogr,16,11550,2019-10-18
443,https://academia.stackexchange.com/questions/139170/are-relationships-between-faculty-and-graduate-students-at-different-universitie,16,7830,2019-10-28
444,https://academia.stackexchange.com/questions/139420/why-are-dates-of-writing-or-publication-missing-in-scientific-papers,16,1671,2019-11-02
445,https://academia.stackexchange.com/questions/140107/should-i-tell-an-editor-that-i-believe-an-article-im-reviewing-is-not-good-enou,16,5625,2019-11-15
446,https://academia.stackexchange.com/questions/140570/is-there-any-job-security-for-tenured-academics-in-denmark,16,2899,2019-11-24
447,https://academia.stackexchange.com/questions/140779/writing-style-in-academic-english,16,3007,2019-11-28
448,https://academia.stackexchange.com/questions/141087/should-i-ask-for-a-submitted-recommendation-letter-to-be-retracted-in-order-to-s,16,6965,2019-12-05
449,https://academia.stackexchange.com/questions/125389/including-proofs-of-known-theorems-in-masters-thesis,15,4039,2019-02-22
450,https://academia.stackexchange.com/questions/125515/what-to-do-with-threats-of-blacklisting,15,6202,2019-02-25
451,https://academia.stackexchange.com/questions/125685/publishing-research-using-outdated-methods,15,3376,2019-02-28
452,https://academia.stackexchange.com/questions/126092/is-being-socially-reclusive-okay-for-a-graduate-student,15,7109,2019-03-07
453,https://academia.stackexchange.com/questions/126963/reply-no-position-while-the-job-posting-is-still-there-hiwi-position-in-ger,15,7048,2019-03-24
454,https://academia.stackexchange.com/questions/127204/how-to-make-a-software-documentation-officially-citable,15,3266,2019-03-28
455,https://academia.stackexchange.com/questions/127786/re-submission-of-rejected-manuscript-without-informing-co-authors,15,2373,2019-04-08
456,https://academia.stackexchange.com/questions/127863/what-is-work-life-balance-like-in-academia-in-japan,15,552,2019-04-10
457,https://academia.stackexchange.com/questions/128357/putting-class-ranking-in-cv-but-against-dept-guidelines,15,5368,2019-04-18
458,https://academia.stackexchange.com/questions/129715/minor-revision-with-suggestion-of-an-alternative-proof-by-reviewer,15,1106,2019-04-26
459,https://academia.stackexchange.com/questions/129773/is-creating-your-own-experiment-considered-cheating-during-a-physics-exam,15,5772,2019-04-27
460,https://academia.stackexchange.com/questions/130768/why-biorxiv-instead-of-arxiv-bio,15,508,2019-05-19
461,https://academia.stackexchange.com/questions/131933/do-details-of-my-undergraduate-title-matter,15,1776,2019-06-15
462,https://academia.stackexchange.com/questions/133452/husband-and-wife-publishing-together-problem-for-tenure-track-jobs,15,664,2019-07-17
463,https://academia.stackexchange.com/questions/133814/should-i-leave-my-phd-after-3-years-with-a-masters,15,1520,2019-07-25
464,https://academia.stackexchange.com/questions/134474/how-should-an-administrative-assistant-reply-to-student-addressing-them-as-prof,15,2856,2019-08-09
465,https://academia.stackexchange.com/questions/135156/where-can-should-i-as-a-high-schooler-publish-a-paper-regarding-the-derivation,15,2700,2019-08-24
466,https://academia.stackexchange.com/questions/137276/how-should-i-avoid-someone-patenting-technology-in-my-paper-poster,15,4019,2019-09-17
467,https://academia.stackexchange.com/questions/137528/can-an-energy-drink-or-chocolate-before-an-exam-be-useful-what-sort-of-other-e,15,8930,2019-09-23
468,https://academia.stackexchange.com/questions/139334/potential-postdoc-advisor-giving-exams-assignment-as-part-of-hiring-process,15,3392,2019-10-31
469,https://academia.stackexchange.com/questions/139861/awards-in-which-gender-identity-is-a-requirement,15,722,2019-11-11
470,https://academia.stackexchange.com/questions/122790/how-common-is-reference-citation-padding,14,1051,2019-01-09
471,https://academia.stackexchange.com/questions/125355/academics-with-adhd-or-autism-what-workplace-accommodations-have-helped-you,14,463,2019-02-21
472,https://academia.stackexchange.com/questions/126053/being-asked-to-review-a-paper-in-conference-one-has-submitted-to,14,2693,2019-03-06
473,https://academia.stackexchange.com/questions/127069/what-defines-a-phd-dissertation-thesis,14,2490,2019-03-26
474,https://academia.stackexchange.com/questions/127076/what-to-do-with-wrong-results-in-talks,14,4209,2019-03-26
475,https://academia.stackexchange.com/questions/127996/academia-and-privacy,14,496,2019-04-12
476,https://academia.stackexchange.com/questions/130863/co-author-wants-to-put-their-current-funding-source-in-the-acknowledgements-sect,14,5423,2019-05-21
477,https://academia.stackexchange.com/questions/131445/recommended-tools-for-graphs-and-charts,14,2402,2019-06-04
478,https://academia.stackexchange.com/questions/131768/is-it-ethical-to-cite-a-reviewers-papers-even-if-they-are-rather-irrelevant,15,4813,2019-06-12
479,https://academia.stackexchange.com/questions/131871/how-useful-is-the-gre-exam,14,3991,2019-06-14
480,https://academia.stackexchange.com/questions/133105/confirming-the-identity-of-a-friendly-reviewer-after-the-reviews,14,6187,2019-07-09
481,https://academia.stackexchange.com/questions/133346/published-paper-containing-well-known-results,14,1469,2019-07-13
482,https://academia.stackexchange.com/questions/134525/why-do-funding-agencies-like-the-nsf-not-publish-accepted-grants,14,2076,2019-08-11
483,https://academia.stackexchange.com/questions/134780/gofer-work-in-exchange-for-letter-of-recommendation,14,5135,2019-08-16
484,https://academia.stackexchange.com/questions/135305/why-is-explainability-not-one-of-the-criteria-for-publication,14,2802,2019-08-27
485,https://academia.stackexchange.com/questions/137081/what-sets-top-universities-apart-from-mediocre-universities-in-continental-e,14,703,2019-09-13
486,https://academia.stackexchange.com/questions/137293/how-do-i-politely-tell-a-student-to-take-a-shower,14,3750,2019-09-17
487,https://academia.stackexchange.com/questions/137307/asking-an-expert-in-your-field-that-you-have-never-met-to-review-your-manuscript,14,3793,2019-09-18
488,https://academia.stackexchange.com/questions/137918/should-i-finish-my-phd,14,2435,2019-10-02
489,https://academia.stackexchange.com/questions/140110/where-does-the-budget-surplus-of-a-conference-go,14,1499,2019-11-15
490,https://academia.stackexchange.com/questions/140205/how-do-you-advise-an-early-career-researcher-who-has-an-unrealistic-opinion-of-t,14,1573,2019-11-18
491,https://academia.stackexchange.com/questions/122741/how-to-phrase-omissions-correctly-in-a-thesis,13,1627,2019-01-08
492,https://academia.stackexchange.com/questions/122950/if-my-research-is-addiction-related-can-i-tell-the-professor-i-have-first-hand,13,418,2019-01-11
493,https://academia.stackexchange.com/questions/123380/professor-wants-me-to-accept-his-schools-offer-early,13,1862,2019-01-19
494,https://academia.stackexchange.com/questions/123522/citing-a-rejected-paper-in-related-work,13,2721,2019-01-21
495,https://academia.stackexchange.com/questions/123902/does-a-prestigious-internship-at-google-help-for-phd-programs-in-computer-scie,13,6678,2019-01-28
496,https://academia.stackexchange.com/questions/124118/how-important-is-it-to-have-publications-to-get-a-math-postdoc,13,3264,2019-01-31
497,https://academia.stackexchange.com/questions/124534/how-to-deal-with-my-results-being-stolen,13,1265,2019-02-07
498,https://academia.stackexchange.com/questions/125465/is-there-a-celebrity-culture-in-academia-and-should-we-discourage-it,13,1392,2019-02-23
499,https://academia.stackexchange.com/questions/125874/how-to-properly-claim-credit-for-peer-review,13,4192,2019-03-03
